Boot,TQ7 4BN
Hollybush,NP23 7ST
Harrow,DG3 4HA
Cottage,EH17 8RU
Station,EX10 0FB
Albion,IV30 1PF
Nelson,MK42 7TA
Old Bell,N20 8PS
Star and Garter,WA7 1NW
Cock,E7 9LA
Phoenix,LS25 1LD
Golden Lion,M26 3AP
Bank,GU19 5YW
King William IV,HD5 9NY
Shoulder Of Mutton,NE26 2LY
Hollybush,AB25 1SL
Sportsman,TW18 9FU
Three Horse Shoes,BT79 8JF
Hope and Anchor,EC2A 3BU
Elm Tree,SW11 1YR
Queen Victoria,PO7 6ZL
Priory,NG9 2LG
Bell,BD3 0LX
Woolpack,BD23 6PH
Lamb and Flag,BA1 1HL
Alma,L35 8LZ
Navigation,BB5 0EQ
Plough and Harrow,WD23 4TJ
Holly Bush,SO20 8JW
Bridge,N18 1EP
Sun,UB1 2RT
Lion,ME16 9PW
Dun Cow,NR26 8JB
Black Dog,B46 3XA
Black Dog,LN1 3UU
Old Bell,ME2 3JH
Green Dragon,SW1P 3HJ
Cricketers,WA10 5NQ
Abbey,GL54 1XW
Three Horse Shoes,TS17 7ES
Boathouse,DL14 8EN
Waterloo,NW11 7EN
Rock,EX4 6LR
Navigation,PL14 3YY
King William IV,E6 9HA
Old,WA4 9LA
Stag,CF5 3AB
Green Man,NR13 5HH
Goat,BS17 4HZ
Grove,DD2 3QE
Bulls Head,CH64 9PW
Saracens Head,LS6 3EY
Globe,BS8 1EY
Blue Bell,BS22 8DE
Green Dragon,TW15 1NA
Bay Horse,SN4 4EW
County,SG6 2PH
White Lion,BT33 0DN
Gate,SR5 3JE
Miners Arms,NG22 8RY
Kingfisher,TW20 8AF
Rose,EC4P 4HF
Marquis Of Granby,SN3 2HZ
Lounge,EH12 6HS
Sportsman,PE19 7LX
Manor,TS19 8BB
Kings Head,GL52 4PE
Waterfront,TQ14 9NH
Walnut Tree,CM9 4TL
Rising Sun,BT35 0QJ
Fox and Hounds,RG30 6XA
Red Lion,BH23 8YZ
Wellington,TW16 7RL
Hop Pole,HA1 9FY
Unicorn,PO20 0PP
Eagle,KY1 1BE
Goat,NP11 6EG
Elm Tree,TW16 6RX
Tavern,S80 3FD
Elephant and Castle,TA6 3WA
Miners Arms,SP1 3WH
Bridge,RH16 4UB
Gardeners Arms,KY10 2PY
Bricklayers Arms,S9 3HE
Ferry,CF71 9BS
Bricklayers Arms,S9 1LG
Commercial,S40 1BD
Old Crown,CV33 0JX
Elm Tree,TR1 2RS
Foresters Arms,W1N 5AL
Foresters,HU4 6GA
Last Orders,UB5 5EY
Dog,TW12 3SD
Marquis Of Granby,IG11 7FH
Halfway House,FY2 0WD
Goat,EX2 6BH
Hope and Anchor,SY4 3RZ
Last Orders,DT3 5AP
Blue Boar,HU17 0BE
Bay Horse,LU4 0HF
Roebuck,DE55 7DS
Blacksmiths Arms,DN10 4QD
Mermaid,IV54 8XF
Three Crowns,LS12 4UU
Bakers Arms,RG42 4UR
Dog and Partridge,TW10 6YH
Hare and Hounds,RH12 5UT
Coach House,WF8 3PJ
Golden Lion,LN9 5QD
Talbot,SW18 4WX
Bricklayers Arms,TR93 0WZ
Fox,PO9 3ZQ
Old Bell,SA15 2EG
Bakers Arms,CF40 1HQ
Queens,RG7 3WB
Riverside,SS1 3BF
Saracens Head,SW2 2SX
Globe,WR2 5DB
Old,HD3 4DL
Old Crown,LA6 1HA
Hare and Hounds,GU10 4SD
Plume Of Feathers,B78 3XD
Wheel,SE1 6ER
Carpenters Arms,BT67 9DB
Tavern,HA8 9FN
Bowling Green,NE15 8JE
Ring O Bells,SA15 5EE
Woodman,LE7 7NF
Peacock,DN21 1WR
Ring O Bells,LE18 1LE
Dukes Head,CV34 4TJ
Bridge,CW9 8EP
Cross Keys,HP19 9DS
Yew Tree,NR32 2PX
Bakers Arms,ML1 5RL
Black Bull,SS9 4QP
Unicorn,DY4 0DN
Bush,SK9 3PX
Junction,NE15 0HB
Carpenters Arms,N3 2BG
Old,SW16 4TW
Seven Stars,HA6 2ZB
Mill,TF1 2WQ
Old,ME8 0DT
Bridge,HP21 9SA
Alexandra,NW9 7PH
Royal Standard,CB5 0HH
Pear Tree,TF1 1UX
White Lion,CB22 7WB
Half Moon,BS3 3NJ
Royal Standard,B75 7PJ
King William IV,PH2 1BS
Lion,BT3 9AS
Queens,CH5 4UR
Market,DE2 4EX
Orange Tree,CF3 2AG
Dog,RH12 9QX
Midland,S1 3HB
Britannia,BS22 7PZ
Stags Head,SL2 5EA
Dukes Head,IP8 3NW
Nags Head,DT4 9ZA
Queens Arms,BA4 4QP
Fox and Hounds,SO22 6WP
Cock,CT2 0AH
Dog,GU34 3PD
Black Lion,OX8 1LJ
Star,CT10 2HQ
Black Bull,DE73 1US
Britannia,E14 4PU
Salutation,CF11 8HL
Globe,RG41 4EB
Greyhound,NR20 4PN
Crown and Anchor,W12 0QE
Harbour,BA14 7QX
Royal George,TS4 2JT
Spread Eagle,CM1 9TD
Old Crown,IP4 5DW
Bay Horse,LS25 6EZ
Saracens Head,CR4 3FP
Pear Tree,PR1 4JN
Six Bells,KY11 5HE
Commercial,M26 1FL
Victory,SE11 4US
Plume Of Feathers,WA16 6DG
Grapes,NW7 2JL
Old House at Home,TD8 6DW
Oak,BT35 6TQ
Woolpack,TS26 0US
Wheel,BS18 6AA
Joiners Arms,FY5 5LN
Victoria,SO41 0JL
Five Bells,L13 1ZS
Orange Tree,EC1V 1LS
Blue Anchor,CH64 4DN
Bay Horse,GU3 3AH
Black Boy,DE65 6AH
Mermaid,IG11 8FW
Village,WV4 6BB
Oak,PE14 0AP
Black Boy,SL1 5EU
Three Horse Shoes,PE6 0AB
Plough,LU6 1SX
Wellington,N19 5TW
Walnut Tree,LS28 9WX
Bank,M30 0QF
London,AB4 8TX
Rising Sun,BA1 8AB
Grapes,SE15 3LS
Travellers Rest,PE4 7UY
Grey Horse,AB44 1NN
Cross,S71 5HA
Joiners Arms,LL55 4BH
Angel,SY16 3LT
Imperial,SM4 5DS
Wellington,SS2 4QA
Volunteer,GL2 0JZ
Half Moon,HD1 1LT
Stags Head,WS9 9DA
Halfway House,N18 3QU
Buck,PE27 3LB
Horseshoe,SA15 3AN
Green Man,E9 5WY
Old House at Home,BS9 4EA
Lord Nelson,BL5 2RG
New,W1R 3LE
Foresters,DG2 7AN
Queens,GU6 8TD
Bridge,SE20 8BF
Greyhound,DL10 4DN
George and Dragon,BA11 5HJ
Queens Arms,LS16 5JZ
Dukes Head,NN16 8LJ
Three Crowns,SO50 4GG
Albion,NG13 8QF
Shoulder Of Mutton,NE28 0LN
Green Dragon,EX23 3AU
Boot,NP4 8UA
Riverside,LE3 8HT
Black Lion,M6 8FZ
Hop Pole,SA61 1SE
Hop Pole,EX7 0SY
Windsor Castle,CM2 6AF
Rose and Crown,OX6 0EY
Old Mill,LE15 8JW
Pear Tree,WV15 6JE
Imperial,WD2 4TY
Angel,HP18 9UZ
Old House at Home,LL55 1RU
Welcome,G71 6BT
Bird In Hand,BN17 6SR
New,TS6 7QA
Golden Fleece,W1A 7LD
King William IV,ST16 2BJ
Plough and Harrow,AB42 8FH
Black Boy,M31 2SN
Rock,E10 5EY
Griffin,SA3 2BT
Plough and Harrow,BN26 5DJ
Six Bells,DN16 1LP
Gate,TR10 9DT
Rose and Crown,RH6 8HS
Royal George,WF15 7JL
Gardeners Arms,HP14 4PB
George and Dragon,KA18 4JE
Bush,SA13 1JF
Bricklayers Arms,LL12 0BG
Navigation,DY13 3AL
Castle,HU4 6DW
Volunteer,CA5 2NL
Jolly Sailor,LL40 9AP
Jolly Sailor,BL1 6BE
Three Crowns,TR12 6SQ
Dog and Gun,TR4 9YP
Maypole,E13 8RE
Ring O Bells,UB1 3HH
Black Horse,RG22 6LX
Priory,SO1 2TP
Highwayman,PH16 5HW
Three Horseshoes,TQ13 9ZN
Cock,PR9 9WT
Tavern,BA6 9AD
Star and Garter,IP25 7BH
Five Bells,EN9 3YR
Bakers Arms,WS7 4UD
Pear Tree,SS14 2FD
Pheasant,NE29 6NW
Golden Fleece,NR11 8BT
George,WS14 9NZ
Bear,E98 1SN
Gate,EH19 3FU
Boars Head,DL3 6HX
London,NG8 9HL
Nags Head,B31 3QT
Fox and Goose,NE25 8DX
Ring O Bells,YO25 8EU
Kings Arms,S30 1BE
Rose and Crown,BD6 3QQ
Foresters Arms,WR12 7AD
Stags Head,EX8 4PQ
Bowling Green,W1A 5DS
Coach House,NN17 2PS
New,FK1 2YW
Albion,NP16 7HH
Vine,BH10 4YE
Alma,HX6 1NU
Plume Of Feathers,RM8 3BD
Elephant and Castle,SA13 2NR
Hop Pole,BL2 1HS
Blue Bell,M12 4PY
Five Bells,GL8 8BB
Shoulder Of Mutton,WS3 2SR
Griffin,SN10 1DE
Fox and Hounds,AB56 4QW
Duke of York,NE34 7SS
Blacksmiths Arms,RG24 7BQ
King William IV,SG1 4PN
Salutation,ST5 4ET
Rose and Crown,BD4 0EG
Anchor,EX2 7EB
Hop Pole,OL8 2DA
Five Bells,ME3 8BE
Park,HU17 0FL
Ship,CM14 9LY
Mount Pleasant,NN1 5QD
Star,PR7 5BD
Green Man,BT42 1HL
Castle,FK17 8LQ
Cross,N5 1JP
Boat,NG24 9JL
Stags Head,NN1 5AE
Sun,BS37 7GB
Butchers Arms,NW10 3UH
Gate,SN16 9XD
Old Red Lion,N9 8RN
Globe,N16 8TG
Queens,YO60 7RN
Jubilee,LL18 4TG
Welcome,B64 6BH
Midland,PO1 3NS
White Horse,MK6 5XZ
Huntsman,SO4 3SF
Butchers Arms,DL10 6SB
Smugglers,BA1 2XS
Bell,SL9 9HW
Hare and Hounds,GU23 6DJ
Walnut Tree,G11 7YN
Queens Head,CF3 7YE
Old Crown,N20 0AE
Marquis Of Granby,LA10 5QT
Coach and Horses,TN30 7JY
Mermaid,CH65 0AJ
Pheasant,IP9 2NT
Holly Bush,N8 0YT
Cottage,LA23 3DG
Prince Albert,NG31 6HZ
Smugglers,NR15 1DL
Bear,SE18 2PL
Station,BL2 4DH
Peacock,HU5 5BF
Goat,BH20 7DU
Old Bell,GL14 1BY
George and Dragon,G41 3NS
Wellington,OL16 3BF
Old,SW16 1RS
White House,PL4 7BW
Kings Arms,KA26 0NP
Market,NE9 5YG
Cross Keys,BS2 8AF
Cross,CH41 4PR
Bull,B98 7RG
Seven Stars,CH7 1HN
Queens Head,DA12 3DR
Duke,DY10 1TA
Waterloo,NR34 7RJ
Peacock,CV3 5YA
Ferry,S8 2BL
Lion,NR7 9AR
Crows Nest,TQ13 7JT
Maypole,N19 4HY
Jubilee,IP22 1ED
Golden Fleece,SW12 8BY
Royal Standard,TS10 3PQ
Buck,TA23 0JZ
Royal Standard,BS12 7PZ
Golden Lion,NW5 4AY
Stags Head,N4 3JW
Globe,SK23 7BQ
Plough,DD3 0RE
Black Horse,DN22 8QN
Waggon and Horses,WN8 0NU
White Lion,SK4 1WX
Queens Head,FK13 6JR
Corner House,AB5 7UR
George and Dragon,LS17 8EQ
Star and Garter,PA23 7LN
Albion,RH12 4WF
Navigation,B68 0LW
Green Man,HR2 9RY
Pack Horse,BH21 2NZ
White Bear,AB51 0FL
Dun Cow,AL8 7QB
Swan,DL17 8QF
Elm Tree,CF6 1SS
Green Man,DN36 5EU
Grove,BD23 6LX
Gardeners Arms,TF9 1NA
Golden Lion,NE39 2LL
Halfway House,S21 4BD
Black Bull,GL10 3QQ
George and Dragon,WD18 0DJ
Woodman,KT18 5HN
Royal Oak,CH4 8TX
Mermaid,LL22 7NP
Grove,SE1 5SL
Gardeners Arms,CM3 5RN
Wheel,YO3 5TS
Coach House,CM9 4DP
Star and Garter,HG4 2YN
Stags Head,PL27 6NF
Bulls Head,AB21 7EG
Bush,NW10 3ZP
Mount Pleasant,IP12 9EY
Green Dragon,SW1P 2EQ
Horse and Groom,DN15 8XH
Plume Of Feathers,BS99 7GE
Old,CT9 4BT
Halfway House,CR4 1XW
Bakers Arms,BA15 1XX
Priory,WR11 3JB
Cottage,SG4 8DJ
London,EC1V 0DP
Jubilee,SP4 9NF
Saracens Head,BT14 8EY
Three Horseshoes,AB53 4NU
Old Red Lion,NP9 7PF
Blacksmiths Arms,E17 4TT
Star,HP5 2RF
Stable,PR9 0QH
Brewery Tap,WC1V 6RE
Brewery Tap,NP4 8JD
Goat,LE6 2PT
Queens Arms,BB2 3DY
Village,M9 6PG
Kings Head,CA10 3DN
White Lion,TN15 0ZQ
Black Bull,SS11 7RN
Central,PA17 5EH
Midland,WR14 2AW
Old Mill,NP6 1GN
Elephant and Castle,CO10 1NL
Riverside,CB2 5JB
Britannia,B45 8WD
Angel,LS27 8UE
Midland,IP31 1DE
Ship,NW1 1RL
Windsor Castle,HG3 2JU
Mitre,G78 1WN
Swan,IV30 2RZ
Sun,WA3 2RA
Black Bull,BN3 1NX
New,M28 4ES
Raven,WR14 2DB
Raven,NW1 4AW
White Bear,DG7 2BA
New,SO23 9LD
Queens,B20 3HB
Eight Bells,B11 4AN
White Horse,NN2 7JR
Red Cow,YO3 0RT
Green Dragon,SW19 4UA
Pear Tree,CO15 3ZB
Brewers Arms,PE15 8DA
Cricketers Arms,LA2 0NY
Crows Nest,PO8 0RN
Green Dragon,PR1 1JZ
Three Tuns,SO14 0GP
King William IV,BT52 1EB
Union,TN23 5TS
Marine,PO6 4FH
Blue Anchor,SE28 0WS
London,IG8 9AF
Brewers Arms,CR0 5EF
Brewers Arms,SA6 7PG
Bird In Hand,OL4 4SQ
Oak,L23 2XE
Lamb and Flag,CV22 6DX
Angel,LL21 9RX
Volunteer,SM1 2SQ
Old Red Lion,B13 0AA
Harrow,LS24 9BB
Queens Head,NPT 5LD
Dog,HA0 3XW
Queens Arms,L18 4PA
Mitre,GU18 5QR
Volunteer,RM6 4FL
Lion,HU17 7SR
Maypole,LU5 4NY
Dog,EX39 6EH
Joiners Arms,TW12 2HX
Mermaid,SO4 6BG
Cherry Tree,TN9 1WU
Bell,M21 1WG
Old Red Lion,DN10 6LS
Nelson,BS7 0UH
Duke,SE1P 5WF
Punch Bowl,AB51 3WQ
Royal Standard,LE3 3WP
Peacock,GU15 4BU
Crows Nest,NN16 8JD
King William IV,LL15 2BG
Dog,EH14 2LH
Phoenix,B97 5XW
Yew Tree,RM14 3SP
Woolpack,PO6 4HZ
Queens Head,KT10 9AX
